#	id	code	name	password	role	deleteFlag	createdAt	updatedAt
1	1	1	Damian	51F038D5F7283396BA9BC6226040F7CDC0DF29092B28B80C436EB03AEA7381EB	3	0	2020-12-09 14:27:16	2020-12-09 15:01:24
2	2	2	Chris	9E6D76AB168F9272491A2AA3C05FEA87884415BA593B8F3A5C3CA8F08AC0C325	2	0	2020-12-09 15:15:20	2020-12-09 15:15:20
3	3	3	Irving	682CF1DBC2BE9754CC47FDCCB1B5DA51282DE5CAA12FCE613942E396E28E75F3	1	0	2020-12-09 15:15:37	2020-12-09 15:15:37
4	4	4	Lindsay	C1C998EBA318A7CA6A8B05E1002DFDDE867CB41A58199DA80AE064F9702A685E	0	0	2020-12-09 15:15:51	2020-12-09 15:15:51
5	5	5	Mona	20DCA2B7D2B7820FC8671B036C63E9C70246655BA0DD48B511CCF07E75C619DD	3	0	2020-12-09 15:16:10	2020-12-09 15:16:10
6	6	6	Margaretha	F37B53DCAC13A3CC4FBB15BB600BFF04C0CEED6F450AD72B051453A91ADD6016	2	0	2020-12-09 15:16:29	2020-12-09 15:16:29
7	7	7	Leone	FC7C61541A688E8261B947B5C4E22BB7B91DAD3388B726D2190DEDFB9B3FB4C1	1	0	2020-12-09 15:16:52	2020-12-09 15:16:52
8	8	8	Nora	7DB84286C4B197C677DE247DE73F89E65D4B873CE12C34FA683E00A1C351DADB	0	0	2020-12-09 15:17:05	2020-12-09 15:17:05
9	9	9	Christian	912E30234212857814312F4A1E9D4108E0D00D969FB6502C8F8398824DA25AA5	0	0	2020-12-09 15:17:19	2020-12-09 15:17:19
10	10	10	Corrie	C5DD9173A589EE432C1C9197B1553F3CE854F25186334378A483D2E86B3FCDC3	0	0	2020-12-09 15:17:31	2020-12-09 15:17:31
11	11	11	Bianca	58EA85A85C01B9537B77EAF24DCAFC159742F5E6048096B74527D8B4BC6883A3	0	0	2020-12-09 15:17:41	2020-12-09 15:17:41
12	12	12	Florence	CF3D851A238E42E6025F2C9E78B85807EF66D6C9C303EE204B5CFED643607160	0	0	2020-12-09 15:17:53	2020-12-09 15:17:53
13	13	13	Carlie	8C35E854DF8A6A39D5D749C4375D38C743BC0FFAF027CA539F9BC6603F57B9A9	0	0	2020-12-09 15:18:02	2020-12-09 15:18:02
14	14	14	Eugenia	3C09F75CE065D684C730AF144609C62F5A8B925CA278920FD98E7E813F095CE1	0	0	2020-12-09 15:18:12	2020-12-09 15:18:12
15	15	15	Kathleen	11F51A1FFE0EBBCB6CD9A5115B1201AA4B77F63A127DA9F7629A0F2EC33594BF	0	0	2020-12-09 15:18:23	2020-12-09 15:18:23
16	16	16	Carina	1FFF178072125A4F8DC6DD64D9C14A5A4B056849C8ECFFE73D1B6C97EF843966	0	0	2020-12-09 15:18:40	2020-12-09 15:18:40
17	17	17	Madeline	B69CBF9FF084CD7B6C10E5A2F75DEC35E98EE04E7C4439A2B19A24CD31DEE9BA	0	0	2020-12-09 15:18:51	2020-12-09 15:18:51
18	18	18	Juliet	409C80226C448F9E08AA77EBA29A7A3012ECA6D883E7DE14DA8A7A3510C47120	0	0	2020-12-09 15:19:02	2020-12-09 15:19:02
19	19	19	Ann	E91392D477D959108EE9535A33D2F0A6220A54AECBD1363A046AE81487052434	0	0	2020-12-09 15:19:14	2020-12-09 15:19:14
20	20	20	Alexia	93124AC217328E6ECEBF4215AB20CD79860A13A60C587275A298A7FC6B1E4343	0	0	2020-12-09 15:19:32	2020-12-09 15:19:32
21	21	21	Helen	877DE3B76BCD8439BC1E1AC969BA5A2E14CDE8B02BE0FD23495DFA5B602AB8CF	0	0	2020-12-09 15:19:43	2020-12-09 15:19:43
22	22	22	Dianna	0D898395747A443DF69F8D977742699544BDAA5A2CA8BFA3A8AB8DD52884630B	0	0	2020-12-09 15:20:05	2020-12-09 15:20:05
23	23	23	May	33E36C3CC370B9A50B82478C2FF0F555DA5CF7A160282132098B61AACDC57C9A	0	0	2020-12-09 15:20:17	2020-12-09 15:20:17
24	24	24	Nathalia	B2D22D4E4B9EE6A4BCAF4BFDCEF8D820935733D63DE44BFF1DC1622DC5CCA21F	0	0	2020-12-09 15:20:29	2020-12-09 15:20:29
