-- MariaDB dump 10.17  Distrib 10.5.6-MariaDB, for osx10.15 (x86_64)
--
-- Host: localhost    Database: tipswatch
-- ------------------------------------------------------
-- Server version	5.7.31

/*!40101 SET @OLD_CHARACTER_SET_CLIENT=@@CHARACTER_SET_CLIENT */;
/*!40101 SET @OLD_CHARACTER_SET_RESULTS=@@CHARACTER_SET_RESULTS */;
/*!40101 SET @OLD_COLLATION_CONNECTION=@@COLLATION_CONNECTION */;
/*!40101 SET NAMES utf8mb4 */;
/*!40103 SET @OLD_TIME_ZONE=@@TIME_ZONE */;
/*!40103 SET TIME_ZONE='+00:00' */;
/*!40014 SET @OLD_UNIQUE_CHECKS=@@UNIQUE_CHECKS, UNIQUE_CHECKS=0 */;
/*!40014 SET @OLD_FOREIGN_KEY_CHECKS=@@FOREIGN_KEY_CHECKS, FOREIGN_KEY_CHECKS=0 */;
/*!40101 SET @OLD_SQL_MODE=@@SQL_MODE, SQL_MODE='NO_AUTO_VALUE_ON_ZERO' */;
/*!40111 SET @OLD_SQL_NOTES=@@SQL_NOTES, SQL_NOTES=0 */;

--
-- Table structure for table `favors`
--

DROP TABLE IF EXISTS `favors`;
/*!40101 SET @saved_cs_client     = @@character_set_client */;
/*!40101 SET character_set_client = utf8 */;
CREATE TABLE `favors` (
  `id` int(11) NOT NULL AUTO_INCREMENT,
  `createdAt` datetime NOT NULL,
  `updatedAt` datetime NOT NULL,
  `idea` int(11) NOT NULL,
  `member` int(11) NOT NULL,
  PRIMARY KEY (`id`),
  KEY `FKtg9pwyujuxs2xovmoag6pthjo` (`idea`),
  KEY `FKo15o6mqlb7u6549gv4xv0gvgw` (`member`)
) ENGINE=MyISAM AUTO_INCREMENT=48 DEFAULT CHARSET=utf8;
/*!40101 SET character_set_client = @saved_cs_client */;

--
-- Dumping data for table `favors`
--

LOCK TABLES `favors` WRITE;
/*!40000 ALTER TABLE `favors` DISABLE KEYS */;
INSERT INTO `favors` VALUES (1,'2020-12-09 17:00:24','2020-12-09 17:00:24',23,24),(2,'2020-12-09 17:00:26','2020-12-09 17:00:26',19,24),(3,'2020-12-09 17:00:29','2020-12-09 17:00:29',13,24),(4,'2020-12-09 17:00:33','2020-12-09 17:00:33',5,24),(5,'2020-12-09 17:00:41','2020-12-09 17:00:41',3,24),(6,'2020-12-09 17:00:56','2020-12-09 17:00:56',24,23),(7,'2020-12-09 17:00:59','2020-12-09 17:00:59',15,23),(8,'2020-12-09 17:01:02','2020-12-09 17:01:02',17,23),(9,'2020-12-09 17:01:05','2020-12-09 17:01:05',16,23),(10,'2020-12-09 17:02:08','2020-12-09 17:02:08',23,22),(11,'2020-12-09 17:02:10','2020-12-09 17:02:10',19,22),(12,'2020-12-09 17:02:14','2020-12-09 17:02:14',1,22),(13,'2020-12-09 17:02:18','2020-12-09 17:02:18',3,22),(14,'2020-12-09 17:02:21','2020-12-09 17:02:21',9,22),(15,'2020-12-09 17:02:25','2020-12-09 17:02:25',8,22),(16,'2020-12-09 17:02:36','2020-12-09 17:02:36',17,21),(17,'2020-12-09 17:02:42','2020-12-09 17:02:42',16,21),(18,'2020-12-09 17:02:47','2020-12-09 17:02:47',3,21),(19,'2020-12-09 17:02:50','2020-12-09 17:02:50',13,21),(20,'2020-12-09 17:03:01','2020-12-09 17:03:01',24,20),(21,'2020-12-09 17:03:18','2020-12-09 17:03:18',7,20),(22,'2020-12-09 17:03:23','2020-12-09 17:03:23',2,20),(23,'2020-12-09 17:03:33','2020-12-09 17:03:33',24,19),(24,'2020-12-09 17:03:38','2020-12-09 17:03:38',5,19),(25,'2020-12-09 17:03:44','2020-12-09 17:03:44',3,19),(26,'2020-12-09 17:09:11','2020-12-09 17:09:11',24,18),(27,'2020-12-09 17:09:14','2020-12-09 17:09:14',20,18),(28,'2020-12-09 17:09:17','2020-12-09 17:09:17',3,18),(29,'2020-12-09 17:09:27','2020-12-09 17:09:27',18,17),(30,'2020-12-09 17:09:31','2020-12-09 17:09:31',6,17),(31,'2020-12-09 17:09:35','2020-12-09 17:09:35',13,17),(32,'2020-12-09 17:09:43','2020-12-09 17:09:43',24,16),(33,'2020-12-09 17:09:46','2020-12-09 17:09:46',23,16),(34,'2020-12-09 17:09:48','2020-12-09 17:09:48',22,16),(35,'2020-12-09 17:09:52','2020-12-09 17:09:52',12,16),(36,'2020-12-09 17:09:55','2020-12-09 17:09:55',9,16),(37,'2020-12-09 17:10:04','2020-12-09 17:10:04',24,15),(38,'2020-12-09 17:10:07','2020-12-09 17:10:07',18,15),(39,'2020-12-09 17:10:10','2020-12-09 17:10:10',20,15),(40,'2020-12-09 17:10:13','2020-12-09 17:10:13',19,15),(41,'2020-12-09 17:10:15','2020-12-09 17:10:15',13,15),(42,'2020-12-09 17:10:20','2020-12-09 17:10:20',1,15),(43,'2020-12-09 17:10:23','2020-12-09 17:10:23',2,15),(44,'2020-12-09 17:10:27','2020-12-09 17:10:27',12,15),(45,'2020-12-09 18:00:33','2020-12-09 18:00:33',24,14),(46,'2020-12-09 18:00:55','2020-12-09 18:00:55',13,14),(47,'2020-12-09 18:00:59','2020-12-09 18:00:59',9,14);
/*!40000 ALTER TABLE `favors` ENABLE KEYS */;
UNLOCK TABLES;

--
-- Table structure for table `follows`
--

DROP TABLE IF EXISTS `follows`;
/*!40101 SET @saved_cs_client     = @@character_set_client */;
/*!40101 SET character_set_client = utf8 */;
CREATE TABLE `follows` (
  `id` int(11) NOT NULL AUTO_INCREMENT,
  `createdAt` datetime NOT NULL,
  `updatedAt` datetime NOT NULL,
  `followedId` int(11) NOT NULL,
  `followingId` int(11) NOT NULL,
  PRIMARY KEY (`id`),
  KEY `FKhu6ibgakha74mdfy79ay1smh9` (`followedId`),
  KEY `FKkxsex92ws5cl7ndtiyak8vh4r` (`followingId`)
) ENGINE=MyISAM AUTO_INCREMENT=81 DEFAULT CHARSET=utf8;
/*!40101 SET character_set_client = @saved_cs_client */;

--
-- Dumping data for table `follows`
--

LOCK TABLES `follows` WRITE;
/*!40000 ALTER TABLE `follows` DISABLE KEYS */;
INSERT INTO `follows` VALUES (1,'2020-12-09 15:20:57','2020-12-09 15:20:57',23,1),(2,'2020-12-09 15:20:58','2020-12-09 15:20:58',16,1),(3,'2020-12-09 15:21:00','2020-12-09 15:21:00',18,1),(4,'2020-12-09 15:21:01','2020-12-09 15:21:01',24,1),(5,'2020-12-09 15:21:15','2020-12-09 15:21:15',12,1),(6,'2020-12-09 15:22:12','2020-12-09 15:22:12',24,2),(7,'2020-12-09 15:34:20','2020-12-09 15:34:20',24,3),(8,'2020-12-09 15:34:37','2020-12-09 15:34:37',10,3),(9,'2020-12-09 15:34:43','2020-12-09 15:34:43',9,3),(10,'2020-12-09 15:36:25','2020-12-09 15:36:25',23,4),(11,'2020-12-09 15:36:27','2020-12-09 15:36:27',18,4),(12,'2020-12-09 15:36:29','2020-12-09 15:36:29',16,4),(13,'2020-12-09 15:36:31','2020-12-09 15:36:31',22,4),(14,'2020-12-09 15:43:18','2020-12-09 15:43:18',23,5),(15,'2020-12-09 15:43:20','2020-12-09 15:43:20',13,5),(16,'2020-12-09 15:43:21','2020-12-09 15:43:21',21,5),(17,'2020-12-09 15:43:45','2020-12-09 15:43:45',10,6),(18,'2020-12-09 15:43:48','2020-12-09 15:43:48',15,6),(19,'2020-12-09 15:43:50','2020-12-09 15:43:50',12,6),(20,'2020-12-09 15:44:00','2020-12-09 15:44:00',22,7),(21,'2020-12-09 15:44:02','2020-12-09 15:44:02',19,7),(22,'2020-12-09 15:45:49','2020-12-09 15:45:49',23,8),(23,'2020-12-09 15:45:51','2020-12-09 15:45:51',19,8),(24,'2020-12-09 15:46:20','2020-12-09 15:46:20',23,24),(25,'2020-12-09 15:52:36','2020-12-09 15:52:36',24,21),(26,'2020-12-09 15:52:37','2020-12-09 15:52:37',17,21),(27,'2020-12-09 15:52:38','2020-12-09 15:52:38',11,21),(28,'2020-12-09 15:52:39','2020-12-09 15:52:39',16,21),(29,'2020-12-09 15:52:40','2020-12-09 15:52:40',18,21),(30,'2020-12-09 15:52:40','2020-12-09 15:52:40',19,21),(31,'2020-12-09 15:52:41','2020-12-09 15:52:41',9,21),(32,'2020-12-09 15:52:51','2020-12-09 15:52:51',18,23),(33,'2020-12-09 15:52:52','2020-12-09 15:52:52',15,23),(34,'2020-12-09 15:52:54','2020-12-09 15:52:54',1,23),(35,'2020-12-09 15:52:56','2020-12-09 15:52:56',14,23),(36,'2020-12-09 15:53:00','2020-12-09 15:53:00',12,22),(37,'2020-12-09 15:53:01','2020-12-09 15:53:01',19,22),(38,'2020-12-09 15:53:03','2020-12-09 15:53:03',6,22),(39,'2020-12-09 15:53:04','2020-12-09 15:53:04',17,22),(40,'2020-12-09 15:53:09','2020-12-09 15:53:09',7,21),(41,'2020-12-09 15:53:10','2020-12-09 15:53:10',4,21),(42,'2020-12-09 15:53:11','2020-12-09 15:53:11',20,21),(43,'2020-12-09 15:53:16','2020-12-09 15:53:16',14,20),(44,'2020-12-09 15:53:20','2020-12-09 15:53:20',17,19),(45,'2020-12-09 15:53:21','2020-12-09 15:53:21',24,19),(46,'2020-12-09 15:53:22','2020-12-09 15:53:22',22,19),(47,'2020-12-09 15:53:23','2020-12-09 15:53:23',16,19),(48,'2020-12-09 15:53:24','2020-12-09 15:53:24',15,19),(49,'2020-12-09 15:53:24','2020-12-09 15:53:24',14,19),(50,'2020-12-09 15:53:24','2020-12-09 15:53:24',13,19),(51,'2020-12-09 15:53:25','2020-12-09 15:53:25',12,19),(52,'2020-12-09 15:53:26','2020-12-09 15:53:26',11,19),(53,'2020-12-09 15:53:30','2020-12-09 15:53:30',17,18),(54,'2020-12-09 15:53:30','2020-12-09 15:53:30',22,18),(55,'2020-12-09 15:53:35','2020-12-09 15:53:35',18,17),(56,'2020-12-09 15:53:36','2020-12-09 15:53:36',21,17),(57,'2020-12-09 15:53:36','2020-12-09 15:53:36',20,17),(58,'2020-12-09 15:53:37','2020-12-09 15:53:37',16,17),(59,'2020-12-09 15:53:42','2020-12-09 15:53:42',19,16),(60,'2020-12-09 15:53:43','2020-12-09 15:53:43',17,16),(61,'2020-12-09 15:53:44','2020-12-09 15:53:44',14,16),(62,'2020-12-09 15:53:45','2020-12-09 15:53:45',23,16),(63,'2020-12-09 15:53:46','2020-12-09 15:53:46',15,16),(64,'2020-12-09 15:53:53','2020-12-09 15:53:53',10,15),(65,'2020-12-09 15:53:54','2020-12-09 15:53:54',20,15),(66,'2020-12-09 15:53:54','2020-12-09 15:53:54',19,15),(67,'2020-12-09 15:53:55','2020-12-09 15:53:55',17,15),(68,'2020-12-09 15:53:55','2020-12-09 15:53:55',16,15),(69,'2020-12-09 15:53:56','2020-12-09 15:53:56',14,15),(70,'2020-12-09 15:53:56','2020-12-09 15:53:56',13,15),(71,'2020-12-09 15:53:56','2020-12-09 15:53:56',12,15),(72,'2020-12-09 15:53:57','2020-12-09 15:53:57',11,15),(73,'2020-12-09 15:54:01','2020-12-09 15:54:01',13,14),(74,'2020-12-09 15:54:02','2020-12-09 15:54:02',20,14),(75,'2020-12-09 15:54:06','2020-12-09 15:54:06',15,13),(76,'2020-12-09 15:54:06','2020-12-09 15:54:06',22,13),(77,'2020-12-09 15:54:07','2020-12-09 15:54:07',20,13),(78,'2020-12-09 15:54:08','2020-12-09 15:54:08',23,13),(79,'2020-12-09 15:54:09','2020-12-09 15:54:09',24,13),(80,'2020-12-09 15:54:17','2020-12-09 15:54:17',17,12);
/*!40000 ALTER TABLE `follows` ENABLE KEYS */;
UNLOCK TABLES;

--
-- Table structure for table `ideas`
--

DROP TABLE IF EXISTS `ideas`;
/*!40101 SET @saved_cs_client     = @@character_set_client */;
/*!40101 SET character_set_client = utf8 */;
CREATE TABLE `ideas` (
  `id` int(11) NOT NULL AUTO_INCREMENT,
  `content` longtext NOT NULL,
  `createdAt` datetime NOT NULL,
  `createdDate` date NOT NULL,
  `favors` int(11) NOT NULL,
  `reviewStatus` int(11) NOT NULL,
  `title` varchar(255) NOT NULL,
  `updatedAt` datetime NOT NULL,
  `member` int(11) NOT NULL,
  PRIMARY KEY (`id`),
  KEY `FKb2cbr2rayjt15k73uopyw4lpe` (`member`)
) ENGINE=MyISAM AUTO_INCREMENT=25 DEFAULT CHARSET=utf8;
/*!40101 SET character_set_client = @saved_cs_client */;

--
-- Dumping data for table `ideas`
--

LOCK TABLES `ideas` WRITE;
/*!40000 ALTER TABLE `ideas` DISABLE KEYS */;
INSERT INTO `ideas` VALUES (1,'In Osaka and Kobe, the money was handed in on the 25th, and went through the authenticity test on the 26th, in Nagasaki, the money was handed in on the 27th, and went though the authenticity test on the 28th, and in Niigata, the authenticity test was on August 3, and lastly, in Hakodate the authenticity test was on August 12.','2020-12-09 16:13:26','2020-12-09',2,4,'Silken Prince','2020-12-09 16:13:26',1),(2,'This method of constructing a test section was followed by the Oyama test line of Tohoku Shinkansen line and the maglev test line as well.','2020-12-09 16:41:14','2020-12-09',2,2,'The Next Husband','2020-12-09 16:41:14',2),(3,'If they passed the test, they were hired as government officials, and this test was the highest level national exam for that time.','2020-12-09 16:41:37','2020-12-09',5,2,'Silence of Touch','2020-12-09 16:41:37',3),(4,'In 1865, after being promoted to Shogoinoge (Senior Fifth Rank, Lower Grade), he passed the jogei (top ranked skill) test, the highest test for Imperial Court gagaku, with a perfect score.','2020-12-09 16:42:00','2020-12-09',0,2,'The Eye\'s Courage','2020-12-09 16:42:00',4),(5,'He wrote a letter of recommendation when his disciple, Kiyoyuki MIYOSHI, was taking Taisaku (a test required to become Monjo tokugosho), noting that \"Kiyoyuki\'s reputed talent is beyond his peers,\" but Kiyoyuki failed the test.','2020-12-09 16:42:22','2020-12-09',2,6,'The Soaring of the Words','2020-12-09 16:42:22',5),(6,'April 8, 1997: Model 800 cars commenced test operation, running into the Kyoto Municipal Subway Tozai Line, and the test operation of all of 32 cars was conducted by the end of July.','2020-12-09 16:42:45','2020-12-09',1,4,'Captive in the Wizard','2020-12-09 16:42:45',6),(7,'Nobody can compare with him among kyoryosho (scholarship students), tokugyosho (selected students), shinshi (Daigaku student who passed a subject of the official appointment test), shusai (Daigaku student who passed a subject of the official appointment test), jogo (a student who completed a course), and taigyo (one who passed the test to become an official).\r\n\r\nOne of the theories is that the mother of a man called Yasaburo was transformed into a hag, and another is that a hag bit Yasaburo\'s mother to death and transformed herself into his mother; and much more.','2020-12-09 16:49:10','2020-12-09',1,4,'Sucking Thoughts','2020-12-09 19:28:40',7),(8,'Sado ban (Sado version) had a character \'佐\' as hallmark of Sujimiyaku (inspector) on the place of test hallmark of Kobanshi, along with characters \'神\' and \'当\' as test hallmark of Fukisho.','2020-12-09 16:51:38','2020-12-09',1,6,'The Lonely Secret','2020-12-09 16:51:38',8),(9,'Kyoto Tourism Culture Certification Test, for `Kyoto Expert Certification,\' is a certification test covering knowledge about a particular place that is held by the Kyoto Chamber of Commerce.','2020-12-09 16:52:00','2020-12-09',3,1,'Voyage of Heat','2020-12-09 16:52:00',9),(10,'After that, he successively filled posts as director of Shiyaku (medical and pharmaceutical test) in the Health and Medical Bureau of the Ministry of Education and manager of both the Tokyo Shiyakujo and Osaka Shiyakujo (national medical and pharmaceutical products test laboratory organization), but retired from that work because he was prone to illness and after that, he devoted himself to literary work.','2020-12-09 16:52:20','2020-12-09',0,6,'The Memory\'s Male','2020-12-09 16:52:20',10),(11,'Although the Community Bus Yawata Route was at first established for testing purpose to conduct a real-world evaluation for the period of one year, the operation period of the route was later extended for another year from the first expiration date of the test in 2006, and again another year from the second expiration date of the test in 2007.','2020-12-09 16:53:24','2020-12-09',0,1,'The Pirates of the Scent','2020-12-09 16:53:24',11),(12,'Meanwhile, it is also thought that other subjects such as literature were incorporated into the education program, as it was revealed from the content of \"Ryonoshuge\" (Commentaries on the Civil Statutes) that there were some questions from Wen Xuan (a book), as well as Erya, in examinations to appoint shusai (Daigaku student who passed a subject of the official appointment test) (the Imperial Examination) and shinshi (Daigaku student who passed a subject of the official appointment test).','2020-12-09 16:53:50','2020-12-09',2,3,'Mage in the Touch','2020-12-09 16:53:50',12),(13,'Daigaku-ryo students had to take graduation examinations, and if they achieved a mark of 80 percentages, they then had to take one of the following examinations given by the Shikibu-sho (the Ministry of Ceremonies): Sinshi (Daigaku student who passed a subject of the official appointment test), Myobo (law), Myogyo (the study of classic Confucian writings), San (mathematics), or Shusai (Daigaku student who passed a subject of the official appointment test).','2020-12-09 16:54:20','2020-12-09',5,6,'Last Vision','2020-12-09 16:54:20',13),(14,'It has chiseled mark like straw matt on its head, there are fan shape frame above and under the Kiri-mon (paulownia patterns), hallmark of \'Ichiryo\' on upper part of the center and of Mitsutsugu (Kao ［written seal mark］) on lower part, Kao (written seal mark) on the center of the tail, test hallmark of Kobanshi (a Koban master) on the right or left part of lower part, and test hallmark of Fukisyo (in where Koban were casted).','2020-12-09 16:55:04','2020-12-09',0,6,'The Ravaged Thief','2020-12-09 16:55:04',14),(15,'This Buddhist statue is rare in the following meanings: On the statue, hail patterns, kikko patterns and shippo patterns are provided using gold leaf, hail patterns using square silver leaf, and in addition, leaf combining gold leaf and silver leaf is used.','2020-12-09 16:56:05','2020-12-09',1,6,'Woman of Something','2020-12-09 16:56:05',15),(16,'The term Lotus Leaf Women is related to the Lotus Leaf Trade etymologically, and though it is just an assumption, there is a suggestion Lotus Leaf traders may have also have worked as prostitutes.','2020-12-09 16:56:27','2020-12-09',2,3,'The Witch\'s Witches','2020-12-09 16:56:27',16),(17,'Two types of gold leaf, called entsuki (leaf which is cut individually and sandwiched between sheets of specially made paper, also referred as enzuke) and tachikiri (leaf which is cut all together after being put between sheets of paper to make stacks of over 1000) are sold.','2020-12-09 16:56:46','2020-12-09',2,6,'The Angels of the Secrets','2020-12-09 16:56:46',17),(18,'It enables the expression of such delicate neutral colors as \'futa-ai\' (bluish purple obtained by dyeing with both deep red and indigo blue) and \'kobai\' (color of reddish pink plum blossoms) which required complicated mixed dyeing, as well as kuchiba-iro (reddish yellow, literally, color of a dead and fallen leaf), moegi-iro (yellowish green, literally, color of a sprouting long green onion), miru-iro(blackish yellowish green, literally, color of miru, a kind of green algae) and asagi-iro(pale blue, literally, color of a thin blade of a long green onion).','2020-12-09 16:57:14','2020-12-09',2,1,'Danger in the Bridge','2020-12-09 16:57:14',18),(19,'From a time not long after his death, there have been numerous legends about Seimei over-exaggerating his distinctiveness that \'he understood the language birds spoke,\' \'his mother was a white fox named \'Kuzu no ha (Kuzu Leaf) living in the woods in Shinoda,\' and \'he was an androgyny\' and, in addition, Seimei has been the subject of countless literary works including Kojidan, Okagami, Uji shuin monogatari, Kokonchomonju, Konjaku monogatari shu, Taigensho, Nihongiryaku, Gonki, Heika monogatari (the Tale of the Taira clan), Oeyama ekotoba, Genko shakusho, Genpei seisuiki, Hosshinshu, Hojo kudaiki (Records of nine generations of the Hojo clan) and Shishuhyakuinnenshu, the topic for kabuki or bunraku such as Shinodazuma, Ashiya Doman ouchi kagami and Kanazoshi Abe no Seimei monogatari, the main character of the novels written by YUMEMAKURA Baku, comics created by OKANO Reiko, many movies and TV shows as well as computer games over the period from the Middle Ages to modern times and today.','2020-12-09 16:57:35','2020-12-09',3,1,'Forgotten Silk','2020-12-09 16:57:35',19),(20,'Incidentally, the long months in the year of 1825 were January, March, May, July, October, and December and a mnemonics for remembering the long months of the year was \"daisukiha zoni, kusamochi, kashiwamochi, bon no boatamochi, inoko, kanmochi\" (meaning \"What I like is zoni (vegetable soup containing mochi (rice cake), eaten on January 1), kusamochi (rice-flour dumplings mixed with mugwort, eaten on March 3), kashiwamochi (a rice cake which contains bean paste and is wrapped in an oak leaf, eaten May 5), botamochi of the Obon festival (a rice ball coated with sweetened red beans, soybean flour, or sesame, eaten on the day of Obon festival (Festival of the Dead or Buddhist All Soul\'s Day in mid July)), inokomochi (rice cake like a little boar, eaten on the day of boar in October), and kanmochi (rice cake pounded during the coldest season in December (around present-day January)).','2020-12-09 16:58:07','2020-12-09',2,2,'The Only Voyager','2020-12-09 16:58:07',20),(21,'On an unfolded persimmon leaf is put on neta (sliced fish for sushi) including mackerel, salmon, yellowtail and bream; the next, vinegar rice is put on neta; then sakura-ebi (small pink shrimp) and seaweed are sprinkled over the rice, and it is put in a container; after the container filled with them, some weight is put on them and they are preserved for a day to a couple of days; after that they can be eaten.','2020-12-09 16:58:30','2020-12-09',0,6,'Serpents of Night','2020-12-09 16:58:30',21),(22,'As a couplet in a poem titled \'Anraku-ji ni sanzu\' (Visited Anraku-ji Temple) (contained in \"Honcho zoku monzui\" (Further Anthology of waka poems and prose written in classical Chinese) composed by OE no Masafusa in 1100 to Anraku-ji Temple (SUGAWARA no Michizane\'s mortuary temple located in Dazaifu) had it \'Ruiyo roka no matsuyo tari\' (I was the last leaf in a heap of leaves in the hallway), it could be estimated that the school had been kept by generations of the Monjo hakase of the Sugawara clan and at least until the late Heian period.','2020-12-09 16:58:59','2020-12-09',1,1,'The Secrets\'s Lord','2020-12-09 19:29:23',22),(23,'Neri-mochi mentioned herein refers to that which is produced mainly by grinding glutinous rice into powder, adding hot water to the powder, and kneading the mixture, and this type of neri-mochi includes: gyuhi (Turkish delight) such as habutae-mochi, shiratama (rice-flour dumpling), and chimaki (bamboo-leaf-wrapped rice cake) in Japan; \'shuĭ-mó-nián-gāo\' (water-polished new year rice cake) in China; \'tokku\' (small round mochi to be put in boiled soup) in Korea; etc.','2020-12-09 16:59:22','2020-12-09',3,4,'The Silk of the Abyss','2020-12-09 19:29:10',23),(24,'The sakin (gold dust) which had been produced in Mutsu Province from time immemorial was used for transactions on the basis of quality and quantity; and in the course of time, nerikin (agglutinate gold) made of dissolved sakin with a hallmark put on or takenagashikin (gold agglomeration made by putting dissolved sakin into a bamboo cylinder) began to be used, and furthermore bankin (gold coins) such as hirumokin (gold plate like a leaf of hirumo [a plant which grows on the sea sand]) which were made by beating gold blocks into the form of plates began to be made, and at first they were circulated as Hyodo kahei (currency valued by weight).','2020-12-09 16:59:44','2020-12-09',7,4,'Nothing in the Game','2020-12-09 19:28:55',24);
/*!40000 ALTER TABLE `ideas` ENABLE KEYS */;
UNLOCK TABLES;

--
-- Table structure for table `joins`
--

DROP TABLE IF EXISTS `joins`;
/*!40101 SET @saved_cs_client     = @@character_set_client */;
/*!40101 SET character_set_client = utf8 */;
CREATE TABLE `joins` (
  `id` int(11) NOT NULL AUTO_INCREMENT,
  `createdAt` datetime NOT NULL,
  `joinDate` date NOT NULL,
  `joinStatus` int(11) NOT NULL,
  `punchIn` time NOT NULL,
  `punchOut` time DEFAULT NULL,
  `updatedAt` datetime NOT NULL,
  `workingTime` time DEFAULT NULL,
  `member` int(11) NOT NULL,
  PRIMARY KEY (`id`),
  KEY `FK7338icodtg0r1mw5exmqqwos5` (`member`)
) ENGINE=MyISAM AUTO_INCREMENT=27 DEFAULT CHARSET=utf8;
/*!40101 SET character_set_client = @saved_cs_client */;

--
-- Dumping data for table `joins`
--

LOCK TABLES `joins` WRITE;
/*!40000 ALTER TABLE `joins` DISABLE KEYS */;
INSERT INTO `joins` VALUES (1,'2020-12-09 16:02:39','2020-12-09',0,'07:20:43','16:02:39','2020-12-09 16:02:39','08:41:00',1),(2,'2020-12-09 15:40:55','2020-12-09',1,'07:36:02',NULL,'2020-12-09 15:40:55',NULL,4),(3,'2020-12-09 15:43:13','2020-12-09',1,'08:43:11',NULL,'2020-12-09 15:43:13',NULL,3),(4,'2020-12-09 16:05:12','2020-12-09',0,'09:44:09','16:05:11','2020-12-09 16:05:12','06:21:00',22),(5,'2020-12-09 15:54:52','2020-12-09',1,'10:54:50',NULL,'2020-12-09 15:54:52',NULL,12),(6,'2020-12-09 15:54:55','2020-12-09',1,'07:54:54',NULL,'2020-12-09 15:54:55',NULL,11),(7,'2020-12-09 15:54:57','2020-12-09',1,'07:54:56',NULL,'2020-12-09 15:54:57',NULL,2),(8,'2020-12-09 16:03:32','2020-12-09',0,'08:54:57','16:03:31','2020-12-09 16:03:32','07:08:00',8),(9,'2020-12-09 16:03:21','2020-12-09',0,'06:54:58','16:03:21','2020-12-09 16:03:21','09:08:00',6),(10,'2020-12-09 16:03:14','2020-12-09',0,'05:54:59','16:03:14','2020-12-09 16:03:14','10:08:00',5),(11,'2020-12-09 16:02:01','2020-12-09',0,'07:54:59','16:02:00','2020-12-09 16:02:01','08:07:00',3),(12,'2020-12-09 15:55:01','2020-12-09',1,'08:55:00',NULL,'2020-12-09 15:55:01',NULL,12),(13,'2020-12-09 16:04:08','2020-12-09',0,'07:55:06','16:04:07','2020-12-09 16:04:08','08:09:00',13),(14,'2020-12-09 16:05:24','2020-12-09',0,'06:55:07','16:05:23','2020-12-09 16:05:24','09:10:00',24),(15,'2020-12-09 16:05:17','2020-12-09',0,'05:55:08','16:05:17','2020-12-09 16:05:17','10:10:00',23),(16,'2020-12-09 16:03:08','2020-12-09',0,'06:55:09','16:03:08','2020-12-09 16:03:08','09:07:00',4),(17,'2020-12-09 15:55:11','2020-12-09',1,'08:55:10',NULL,'2020-12-09 15:55:11',NULL,11),(18,'2020-12-09 15:55:12','2020-12-09',1,'09:55:11',NULL,'2020-12-09 15:55:12',NULL,2),(19,'2020-12-09 16:03:27','2020-12-09',0,'06:55:12','16:03:26','2020-12-09 16:03:27','09:08:00',7),(20,'2020-12-09 16:04:34','2020-12-09',0,'07:55:12','16:04:34','2020-12-09 16:04:34','08:09:00',17),(21,'2020-12-09 16:04:15','2020-12-09',0,'07:55:12','16:04:15','2020-12-09 16:04:15','08:09:00',14),(22,'2020-12-09 16:04:50','2020-12-09',0,'07:55:13','16:04:49','2020-12-09 16:04:50','08:09:00',21),(23,'2020-12-09 16:04:02','2020-12-09',0,'06:55:14','16:04:01','2020-12-09 16:04:02','09:08:00',12),(24,'2020-12-09 16:03:48','2020-12-09',0,'07:55:14','16:03:47','2020-12-09 16:03:48','08:08:00',11),(25,'2020-12-09 16:02:45','2020-12-09',0,'08:55:14','16:02:44','2020-12-09 16:02:45','07:07:00',2),(26,'2020-12-09 16:11:15','2020-12-09',1,'16:11:14',NULL,'2020-12-09 16:11:15',NULL,1);
/*!40000 ALTER TABLE `joins` ENABLE KEYS */;
UNLOCK TABLES;

--
-- Table structure for table `members`
--

DROP TABLE IF EXISTS `members`;
/*!40101 SET @saved_cs_client     = @@character_set_client */;
/*!40101 SET character_set_client = utf8 */;
CREATE TABLE `members` (
  `id` int(11) NOT NULL AUTO_INCREMENT,
  `code` varchar(255) NOT NULL,
  `name` varchar(255) NOT NULL,
  `password` varchar(64) NOT NULL,
  `role` int(11) NOT NULL,
  `deleteFlag` int(11) NOT NULL,
  `createdAt` datetime NOT NULL,
  `updatedAt` datetime NOT NULL,
  PRIMARY KEY (`id`),
  UNIQUE KEY `members_code_uindex` (`code`),
  UNIQUE KEY `UK_cmli4m80li1bnn3r9i270wfed` (`code`)
) ENGINE=InnoDB AUTO_INCREMENT=25 DEFAULT CHARSET=utf8;
/*!40101 SET character_set_client = @saved_cs_client */;

--
-- Dumping data for table `members`
--

LOCK TABLES `members` WRITE;
/*!40000 ALTER TABLE `members` DISABLE KEYS */;
INSERT INTO `members` VALUES (1,'1','Damian','51F038D5F7283396BA9BC6226040F7CDC0DF29092B28B80C436EB03AEA7381EB',3,0,'2020-12-09 14:27:16','2020-12-09 15:01:24'),(2,'2','Chris','9E6D76AB168F9272491A2AA3C05FEA87884415BA593B8F3A5C3CA8F08AC0C325',2,0,'2020-12-09 15:15:20','2020-12-09 15:15:20'),(3,'3','Irving','682CF1DBC2BE9754CC47FDCCB1B5DA51282DE5CAA12FCE613942E396E28E75F3',1,0,'2020-12-09 15:15:37','2020-12-09 15:15:37'),(4,'4','Lindsay','C1C998EBA318A7CA6A8B05E1002DFDDE867CB41A58199DA80AE064F9702A685E',0,0,'2020-12-09 15:15:51','2020-12-09 15:15:51'),(5,'5','Mona','20DCA2B7D2B7820FC8671B036C63E9C70246655BA0DD48B511CCF07E75C619DD',3,0,'2020-12-09 15:16:10','2020-12-09 15:16:10'),(6,'6','Margaretha','F37B53DCAC13A3CC4FBB15BB600BFF04C0CEED6F450AD72B051453A91ADD6016',2,0,'2020-12-09 15:16:29','2020-12-09 15:16:29'),(7,'7','Leone','FC7C61541A688E8261B947B5C4E22BB7B91DAD3388B726D2190DEDFB9B3FB4C1',1,0,'2020-12-09 15:16:52','2020-12-09 15:16:52'),(8,'8','Nora','7DB84286C4B197C677DE247DE73F89E65D4B873CE12C34FA683E00A1C351DADB',0,0,'2020-12-09 15:17:05','2020-12-09 15:17:05'),(9,'9','Christian','912E30234212857814312F4A1E9D4108E0D00D969FB6502C8F8398824DA25AA5',0,0,'2020-12-09 15:17:19','2020-12-09 15:17:19'),(10,'10','Corrie','C5DD9173A589EE432C1C9197B1553F3CE854F25186334378A483D2E86B3FCDC3',0,0,'2020-12-09 15:17:31','2020-12-09 15:17:31'),(11,'11','Bianca','58EA85A85C01B9537B77EAF24DCAFC159742F5E6048096B74527D8B4BC6883A3',0,0,'2020-12-09 15:17:41','2020-12-09 15:17:41'),(12,'12','Florence','CF3D851A238E42E6025F2C9E78B85807EF66D6C9C303EE204B5CFED643607160',0,0,'2020-12-09 15:17:53','2020-12-09 15:17:53'),(13,'13','Carlie','8C35E854DF8A6A39D5D749C4375D38C743BC0FFAF027CA539F9BC6603F57B9A9',0,0,'2020-12-09 15:18:02','2020-12-09 15:18:02'),(14,'14','Eugenia','3C09F75CE065D684C730AF144609C62F5A8B925CA278920FD98E7E813F095CE1',0,0,'2020-12-09 15:18:12','2020-12-09 15:18:12'),(15,'15','Kathleen','11F51A1FFE0EBBCB6CD9A5115B1201AA4B77F63A127DA9F7629A0F2EC33594BF',0,0,'2020-12-09 15:18:23','2020-12-09 15:18:23'),(16,'16','Carina','1FFF178072125A4F8DC6DD64D9C14A5A4B056849C8ECFFE73D1B6C97EF843966',0,0,'2020-12-09 15:18:40','2020-12-09 15:18:40'),(17,'17','Madeline','B69CBF9FF084CD7B6C10E5A2F75DEC35E98EE04E7C4439A2B19A24CD31DEE9BA',0,0,'2020-12-09 15:18:51','2020-12-09 15:18:51'),(18,'18','Juliet','409C80226C448F9E08AA77EBA29A7A3012ECA6D883E7DE14DA8A7A3510C47120',0,0,'2020-12-09 15:19:02','2020-12-09 15:19:02'),(19,'19','Ann','E91392D477D959108EE9535A33D2F0A6220A54AECBD1363A046AE81487052434',0,0,'2020-12-09 15:19:14','2020-12-09 15:19:14'),(20,'20','Alexia','93124AC217328E6ECEBF4215AB20CD79860A13A60C587275A298A7FC6B1E4343',0,0,'2020-12-09 15:19:32','2020-12-09 15:19:32'),(21,'21','Helen','877DE3B76BCD8439BC1E1AC969BA5A2E14CDE8B02BE0FD23495DFA5B602AB8CF',0,0,'2020-12-09 15:19:43','2020-12-09 15:19:43'),(22,'22','Dianna','0D898395747A443DF69F8D977742699544BDAA5A2CA8BFA3A8AB8DD52884630B',0,0,'2020-12-09 15:20:05','2020-12-09 15:20:05'),(23,'23','May','33E36C3CC370B9A50B82478C2FF0F555DA5CF7A160282132098B61AACDC57C9A',0,0,'2020-12-09 15:20:17','2020-12-09 15:20:17'),(24,'24','Nathalia','B2D22D4E4B9EE6A4BCAF4BFDCEF8D820935733D63DE44BFF1DC1622DC5CCA21F',0,0,'2020-12-09 15:20:29','2020-12-09 15:20:29');
/*!40000 ALTER TABLE `members` ENABLE KEYS */;
UNLOCK TABLES;

--
-- Table structure for table `reviews`
--

DROP TABLE IF EXISTS `reviews`;
/*!40101 SET @saved_cs_client     = @@character_set_client */;
/*!40101 SET character_set_client = utf8 */;
CREATE TABLE `reviews` (
  `id` int(11) NOT NULL AUTO_INCREMENT,
  `advice` longtext,
  `createdAt` datetime NOT NULL,
  `reviewStatus` int(11) NOT NULL,
  `updatedAt` datetime NOT NULL,
  `idea` int(11) NOT NULL,
  `member` int(11) NOT NULL,
  PRIMARY KEY (`id`),
  KEY `FKb46grh23r2eq2tfa4gjqg8jxh` (`idea`),
  KEY `FKpf5eca7me2qbtjuwal2bokkue` (`member`)
) ENGINE=MyISAM AUTO_INCREMENT=37 DEFAULT CHARSET=utf8;
/*!40101 SET character_set_client = @saved_cs_client */;

--
-- Dumping data for table `reviews`
--

LOCK TABLES `reviews` WRITE;
/*!40000 ALTER TABLE `reviews` DISABLE KEYS */;
INSERT INTO `reviews` VALUES (1,'The most important works of Shin Kabuki are \"Kiri Hitoha\" (A Single Paulownia Leaf) & \"Hototogisu Kojo no Rakugetsu\" (The Sinking Moon Over the Lonely Castle Where the Cuckoo Cries) both by \"Shoyo TSUBOUCHI,\" \"Musuko\" (Son) by \"Kaoru OSANAI,\" \"Shuzenji Monogatari\" (The Tale of Shuzen-ji Temple) & \"Toribeyama Shinju\" (Love Suicides on Mt. Toribe) both by \"Kido OKAMOTO,\" \"Imayo Satsuma Uta\" (Modern Style Satsuma Songs) by Onitaro OKA, \"Genroku Chusingura\" (The 47 Ronin) by Seika MAYAMA, \"Saigo to Buta Hime\" (Saigo and His Favorite Fat Woman) by Daigo IKEDA.','2020-12-09 18:08:08',4,'2020-12-09 18:08:08',24,2),(2,'Many other commercialized products exist in Japan that are difficult for Japanese to tell whether they are nihon-ryori dishes or foreign dishes for example; \'the essence of tom yam chazuke (boiled rice with tea poured over it\' with the flavor of the \'tom yam\' soup famous as a soup dish in the Kingdom of Thailand, \'the Morioka reimen\' (cold noodles), the pho (Vietnamese noodle soup) Japanized by completely changing the udon nature using the leaf mustard that Vietnamese never ate originally, and \'rice burger\' in which boiled rice is placed on the both sides of a teriyaki (grilled with soy sauce and sugar) beef paddy.','2020-12-09 18:21:34',1,'2020-12-09 18:21:34',23,2),(3,'Therefore, the characteristics that have generally been passed on till today--a long nose and red face, wearing the attire of a Yamabushi monk, and wearing wooden clogs with single support, flying freely in the sky with a leaf fan and having evil design--have been interpreted since the middle ages, and it is considered to be the superstitious blending of originally quite different characteristics.','2020-12-09 19:13:12',1,'2020-12-09 19:13:12',22,2),(4,'A solution of powdered mica powder is applied to the paper, which is then decorated using a marbling technique, with grains, slices and pieces of gold or silver leaf randomly sprinkled over each ryoshi, and on such highly decorated paper, elegant Fuzokuga (pictures of manners and customs) in the Yamato-e style were hand painted in deep colors and then sutras written.','2020-12-09 19:17:47',4,'2020-12-09 19:17:47',21,2),(5,'Such as Nozawana (a variation of turnip) in Nagano Prefecture, shaved kelp in Toyama, Ishikawa, and Fukui Prefectures (the largest production centers of kelp), and leaf mustard pickles in Wakayama Prefecture which show regionality, and also there is a rice omelet-like onigiri which wrapped chicken with rice with crepe-style fried egg.','2020-12-09 19:18:05',1,'2020-12-09 19:18:05',20,2),(6,'Before the period in which printing with a personal computer became popular, the New Year\'s postcard was often printed by a household type of small, simplified printing machine.','2020-12-09 19:19:12',1,'2020-12-09 19:19:12',19,2),(7,'It refers to a phenomenon in which, because of the combination of parts which have not gone through the operation verification, the operation of a personal computer (PC) becomes unstable or the PC cannot be activated.','2020-12-09 19:19:27',1,'2020-12-09 19:19:27',18,2),(8,'The background of the case when a user is told to \'just buy a new one\' is the idea that \'because the causes of the problem can be infinite, it is actually cheaper to buy a new one rather than spending time to specify the problem, even though the cost of the computer itself is wasted.\'','2020-12-09 19:19:38',4,'2020-12-09 19:19:38',17,2),(9,'In particular, fields such as computer games, animations, and comics, and a food culture have penetrated urban areas of Western and Asian countries, and as a result, related shops and facilities (Sushi Bars and comic shops) came to be established.','2020-12-09 19:19:55',4,'2020-12-09 19:19:55',16,2),(10,'A character appeared called Mikan-Seijin (mikan alien) made by computer graphics in a TV program for children, \"Ugo Ugo Ruga\" (Fuji Television Network.)','2020-12-09 19:20:07',4,'2020-12-09 19:20:07',15,2),(11,'In other words, unlike traditional artists\' works, their original pictures (their most primary pictures) are made with computer graphics, not on paper or canvases, and this allows them to make an infinite number of complete duplications of their originals, which are distributed on the Internet (occasionally regardless of the artist\'s intention).','2020-12-09 19:20:18',4,'2020-12-09 19:20:18',14,2),(12,'However, Japanese products, contents, computer games, animations, comics and J-POP (Japanese pop music) have drawn attention in foreign countries recently, and more foreign people have an image of \'Japan\' different from that in the past.','2020-12-09 19:20:29',4,'2020-12-09 19:20:29',13,2),(13,'From approximately the start of the Heisei period, the game has fallen out of favor as a game played by families on New Year\'s day; however, Fukuwarai computer games and web-based versions have appeared, and local governments and the like continue to include the game in festivities celebrating the New Year.','2020-12-09 19:20:38',4,'2020-12-09 19:20:38',12,2),(14,NULL,'2020-12-09 19:22:27',1,'2020-12-09 19:22:27',11,2),(15,NULL,'2020-12-09 19:22:28',4,'2020-12-09 19:22:28',10,2),(16,'From a time not long after his death, there have been numerous legends about Seimei over-exaggerating his distinctiveness that \'he understood the language birds spoke,\' \'his mother was a white fox named \'Kuzu no ha (Kuzu Leaf) living in the woods in Shinoda,\' and \'he was an androgyny\' and, in addition, Seimei has been the subject of countless literary works including Kojidan, Okagami, Uji shuin monogatari, Kokonchomonju, Konjaku monogatari shu, Taigensho, Nihongiryaku, Gonki, Heika monogatari (the Tale of the Taira clan), Oeyama ekotoba, Genko shakusho, Genpei seisuiki, Hosshinshu, Hojo kudaiki (Records of nine generations of the Hojo clan) and Shishuhyakuinnenshu, the topic for kabuki or bunraku such as Shinodazuma, Ashiya Doman ouchi kagami and Kanazoshi Abe no Seimei monogatari, the main character of the novels written by YUMEMAKURA Baku, comics created by OKANO Reiko, many movies and TV shows as well as computer games over the period from the Middle Ages to modern times and today.','2020-12-09 19:22:47',1,'2020-12-09 19:22:47',9,2),(17,'Kyoto City maintains its legacy, as can be seen in traditional handicraft; furthermore, with industry-leading companies such as Nintendo and Wacoal Holdings Corporation, along with tech\">high-tech companies such as Kyocera Corporation and Shimadzu Corporation, which are headquartered in the city, Kyoto is becoming one of the areas capable of sustaining current industries.','2020-12-09 19:24:00',4,'2020-12-09 19:24:00',8,2),(18,'To transfer to Shichijo Station on the Keihan Main Line of Keihan Electric Railway, though it is a bit far (a distance of about a kilometer), passengers go on foot (most passengers use the Nara Line to Tofukuji Station or use the Kintetsu Kyoto Line to Kintetsu-Tanbabashi Station in order to take a train of the Keihan Main Line).','2020-12-09 19:24:38',4,'2020-12-09 19:24:38',7,2),(19,'A famous lighting technician who worked at the Shochiku Kyoto Studio named Shigeru MUTAGUCHI, known for his nickname \'Mutayan\' (later known as Korema ARIMA), joined Nakane Productions under the name \'Shigeaki ARIMA,\' bringing over Kenichi Enomoto (he referred to himself as \'Ken ENOMOTO\' at the time), a chorus boy for the Asakusa Opera and Obeya-haiyu (an actor who played bit-parts to establish their career and lived together with other actors who had the same aims) from Toa Kinema Kyoto Studio (also known as Toji-in Studio).','2020-12-09 19:24:47',4,'2020-12-09 19:24:47',6,2),(20,NULL,'2020-12-09 19:25:00',3,'2020-12-09 19:25:00',24,1),(21,NULL,'2020-12-09 19:25:01',6,'2020-12-09 19:25:01',21,1),(22,'In Inaba in the eastern part of Tottori Prefecture, there is the tradition of Imperial visits by Amaterasu Omikami, and the area has a legend that Hakuto-shin (White Rabbit Deity) bit the hem of the dress of Amaterasu Omikami to lead him to a land suitable for angu (temporary lodging built to accommodate an Imperial visit); at the same time, this area has the greatest density of shrines for worshipping Seoritsu-hime according to the national statistics of national distribution of shrines.','2020-12-09 19:25:13',6,'2020-12-09 19:25:13',17,1),(23,'Some says the description in \"Setsumon\" (Analytical Dictionary of Chinese Characters) that \'Go a bit (in Chinese characters, 一寸) from the lower end of the palm, and you will find sunko (寸口, the place where the pulse can be felt)\' led the character \'寸\' to indicate the length.','2020-12-09 19:25:37',3,'2020-12-09 19:25:37',16,1),(24,'Of all these characteristics, the average income and education of Japanese Americans are a little bit lower than those of other Asian Americans, but significantly higher than the average white and the U.S. national average (Hispanics excluded), and the poverty rate of Japanese Americans is one of the lowest in all the races in the U.S.','2020-12-09 19:25:46',3,'2020-12-09 19:25:46',15,1),(25,'After the war, the abolition of the facilities caused the exclusive line leading to Kori and Nakamiya to become a road, but the exclusive line in Hosono, converted for the facilities of US forces and the Self Defense Force after the war, was used afterward as well and a bit of the original line still remains.','2020-12-09 19:25:56',6,'2020-12-09 19:25:56',14,1),(26,'Meitei eloquently lectured on the art of soba eating and swallowed soba with a condiment of hot wasabi, tears his eyes, adhering to his idea of stylishness which seemed a bit like snobbish affectation, but compared with Meitei\'s being a passionate stickler about soba, the impression of udon, with the dyspeptic Kushami Sensei being the \'udon lover,\' seems relatively unexciting.','2020-12-09 19:26:07',6,'2020-12-09 19:26:07',13,1),(27,'Having had a hard time as an Obeya-haiyu (an actor playing bit-roles to establish their career and living together with other actors with similar aims) from around the age of twenty, Bando TSUMASABURO became famous in October of 1923 after being casted in the film \"Senketsu no Tegata\" (The Fresh Blood Handprint), produced by Shozo Maikino\'s Makino Film Productions with an original screenplay by Rokubei SUSUKITA.','2020-12-09 19:26:21',3,'2020-12-09 19:26:21',12,1),(28,'Kukai, who visited to the Tang dynasty by Kentoshi Ship in 804 like Saicho, studied authentic Mikkyo under Keika (746 – 806) who was one of Shingon-hasso (Eight Patriarchs of the Shingon mission) and came back to Japan a bit later than Saicho in 806, bringing back lots of Buddhist scriptures and hogu (ritual implements).','2020-12-09 19:26:29',6,'2020-12-09 19:26:29',10,1),(29,'Bearing a grudge because of this, he killed himself by fasting to death, and it was widely believed that he became a rancorous ghost taking the shape of an iron rat (a huge rat as large as a bull with a stone body and iron teeth), and bit and tore the Buddhist scriptures belonging to Enryaku-ji Temple, as well as causing the death of the four-year-old Imperial Prince Atsufumi.','2020-12-09 19:26:38',6,'2020-12-09 19:26:38',8,1),(30,'The rider uses a durable saddle to prevent getting tired from riding for a long time; the distinctive riding style is called \'loose rein\'; the rider looses the rein to make the horse move the head and keep its balance, and controls the horse by touching the rein to the horse\'s neck without directly pulling the bit.','2020-12-09 19:26:46',3,'2020-12-09 19:26:46',7,1),(31,'Slice desired fish such as sea bream, Japanese spanish mackerel, flatfish, Japanese seaperch, horse mackerel and mackerel into about the size of sashimi (slices of raw fish) pieces, soak them in enough vinegar to cover and add a bit of salt, when they are whitened, pull them out and season the left vinegar with sake/mirin and sugar.','2020-12-09 19:27:00',6,'2020-12-09 19:27:00',5,1),(32,'Because there are digital communications facilities such as Floor Vision and wireless transmissions with portable consoles, a notice is posted on the first floor advising \"We must decline admission to pacemaker users.\"','2020-12-09 19:30:45',6,'2020-12-09 19:30:45',15,1),(33,'As a future project, it has been considered that the NDL, as a national library with the mission of acquiring a comprehensive collection of the nation\'s information resources, will also collect and preserve networked digital information circulated via the Internet.','2020-12-09 19:31:11',1,'2020-12-09 19:31:11',22,2),(34,'Later, it was revived in a TV program for children, \"Gacha Gacha Pon!\" and digital magazine \"Weekly Shonen Takeshi Magazine\" at Fuji Television\'s web site and so on.','2020-12-09 19:31:25',4,'2020-12-09 19:31:25',23,2),(35,'To order it at the photo shop, in addition to ordering with a flyer there is a method of ordering through a terminal by entering a digital image via the ordering software installed in the terminal.','2020-12-09 19:31:36',4,'2020-12-09 19:31:36',24,2),(36,'The Spaulding Collection (approximately 6,500 items) of Boston\'s Museum of Fine Arts remains private in principle, respecting the intent of the Spaulding brothers, who donated their collection on the condition of \"no exhibition permitted\" (viewing digital images is possible).','2020-12-09 19:31:46',4,'2020-12-09 19:31:46',7,2);
/*!40000 ALTER TABLE `reviews` ENABLE KEYS */;
UNLOCK TABLES;
/*!40103 SET TIME_ZONE=@OLD_TIME_ZONE */;

/*!40101 SET SQL_MODE=@OLD_SQL_MODE */;
/*!40014 SET FOREIGN_KEY_CHECKS=@OLD_FOREIGN_KEY_CHECKS */;
/*!40014 SET UNIQUE_CHECKS=@OLD_UNIQUE_CHECKS */;
/*!40101 SET CHARACTER_SET_CLIENT=@OLD_CHARACTER_SET_CLIENT */;
/*!40101 SET CHARACTER_SET_RESULTS=@OLD_CHARACTER_SET_RESULTS */;
/*!40101 SET COLLATION_CONNECTION=@OLD_COLLATION_CONNECTION */;
/*!40111 SET SQL_NOTES=@OLD_SQL_NOTES */;

-- Dump completed on 2020-12-10 18:47:35
