001,"001",2018-08-19 21:27:09,0,"Bram","8dd0e0018fb9dd798e8bc8521f05afe342462a824abd7953b545f5546e8072571e39d030360f93caf599178d228ccc78c087d7eaed034928cc0edeaf1450d04d",0,2018-08-19 21:27:09
002,"002",2019-04-15 21:27:09,0,"Darius","2f45e07e03dc738da75b00ec6e3fcddb7b8c7dc6cad858998ae1e44e71d6c4bd7c64765c1089b9a5f49aa3ab6d60aaad3f330848c06b01a0b7334d45b015affb",0,2019-04-15 21:27:09
003,"003",2018-12-21 21:27:09,0,"Thaddeus","e9003a74d7f9ff5cf9258fceb70e2ff997fa962ae062091ed76eeb61c19c8dceff352b1ce9ead49eb6e5f35791502751af8477a0a487465922bcb6d509c61fae",3,2018-12-21 21:27:09
004,"004",2018-01-27 21:27:09,0,"Ahab","8a32332f50ca07f9543d233dad2c08c9196b9cd4a8580cb9048bf4d76de801ddbf8a5258eedb719a2717103ccbff42c75018a98b6a4514365fe0b13e868be58c",2,2018-01-27 21:27:09
005,"005",2020-02-28 21:27:09,0,"Joel","1aa017f00092b34d8d0fc86c003214402779b4ba1745cddb4538cbe16f83b639032e7ad3b44a22379110b1229b17090b3194134299742c75929582cee6de0f69",0,2020-02-28 21:27:09
006,"006",2019-11-12 21:27:09,0,"Carthy","57e928106d489985215b1752fd8a6d82f36d9fe37b57784450a55fb13015ecfc02dbd477c938a3ffb4c0319dfee35573932b48af37b8a94c23792aea1b4e9feb",3,2019-11-12 21:27:09
007,"007",2020-08-27 21:27:09,0,"Darrell","b40e1977bc69c710918e7757b7efa8a7bd4cf879e9d3f5967bc4fb26da8714cb30e8ff4b434270f421c731ecf623b07a27efe79300e3f9c472f7b8da452d0aa1",2,2020-08-27 21:27:09
008,"008",2018-05-14 21:27:09,0,"Anselm","b6dedc80279ed69a5230539d51034c80c3d4e89a0c083b5a171df92f52cc7b80e2390d37c1757db98f8c5a1a9e73a98c26a6f2915f200d6a874fe33106830a53",0,2018-05-14 21:27:09
009,"009",2018-11-08 21:27:09,0,"Gene","a661d4dfbbe7cf3216415f23a26e9499c36a32cfe518ddc7dbb5ecd4da7a16534f832082b5e266f51189d9827eaf9543ef6695d3f47e617b2febeb3af0d3632e",2,2018-11-08 21:27:09
010,"010",2018-05-27 21:27:09,1,"Steven","64245415f17c47c56343063d34274cd486d346ca4032917c3d44b225fed34b92c1e69abe3f64379618a98492840b2702bbbe24ab320bd96acb625f489c675c15",2,2018-05-27 21:27:09
011,"011",2020-04-01 21:27:09,0,"Sigismund","6bc8b211f9ff5fa88153ded454e5f4515f3dce035457b829f99a2ddc334b228feb45e040b786e08dea6a776da91667151d1f1efdd47e82d7bf28d44c4af038a9",1,2020-04-01 21:27:09
012,"012",2019-03-23 21:27:09,0,"Edmund","e8e7e12bbdbfecd9eb7f54db58c4edcd531c451fe2208234da94cb57a4e1dcd3d9542ae65510a7c0596bc4c235395710c03027e5f3fa6c0c6218ba8c7d634d19",2,2019-03-23 21:27:09
013,"013",2018-06-17 21:27:09,0,"Barney","86bccc25ef4c178298d2d6b0e4a5d6e9583ed84fb2b6e44a504ef93f44dc6e5c513d86a7422726edb57f7377984ff9b9ff60069df70ea387a52b24353b3554e4",3,2018-06-17 21:27:09
014,"014",2020-08-07 21:27:09,0,"Alexander","684c86e6872be0a2065bc2f48740b2b7c3aedba28ebf26474f84092a8bcb0be5f6a18b2fa8e641fe451a30a8d3b9442a81621a4a8f1ef6368929e493b155e646",3,2020-08-07 21:27:09
015,"015",2019-10-30 21:27:09,0,"Scott","69044030b02d935a98f28e6e2309fc8f581a37bb2e1dcf237f31ff1607b93d2c9af8df67c7833033c89ccd9d92dad3247f0a0d9e48af99bb08c1701fa35907fa",0,2019-10-30 21:27:09
016,"016",2020-07-27 21:27:09,0,"Alexander","44f41fefa0580e0100326ec1fe378780e7daaeab87914d22eb9a405f4caf30ac5383ce42a70389c222df5da6a72af7952d614efc68c01f43dacfc165bd851a3a",3,2020-07-27 21:27:09
017,"017",2020-07-28 21:27:09,0,"Uriel","9280d6f5e7e5cae8c49cdedfb5634acd5f64b8b42410ccd1b35db880ee7feb95d13f272b2a26f395c2dc5c70e1adb16eeaaa969beb1a37ef81c9ea635d89e6c9",0,2020-07-28 21:27:09
018,"018",2018-05-15 21:27:09,0,"Anastasius","44cfc44bd206ec3f8d2608c036cbc286d37dfa6c201e26fc1e6aa86d760a98261e7d5ab6feaefcce012545f4d8b01376b168c1d7ee712b78790f9425b5fcb688",2,2018-05-15 21:27:09
019,"019",2018-08-14 21:27:09,0,"Lex","4def0af4455e6bb88511611bf19bdb9983c3ef63d595e99170a3a8d0fdd71137ed47f17dde3be80af8ef45b14b8cf3cb8a70fbc16a27c6b4b72f744e3af17451",0,2018-08-14 21:27:09
020,"020",2018-06-14 21:27:09,0,"Stuart","5ca9f00b71a686e627cf60fc9f063ee3d5968478ac49ba077f9cf971e17323d1737fd3f29782755ca94dfa82137e1aa1f0a292f43a1ad9b7d0564da31e087cd4",2,2018-06-14 21:27:09
021,"021",2018-07-19 21:27:09,0,"Emmenual","8edc7205354f37245cfa574dd00ae07f19402f44f9df17757608d4fcddf9b2d1f6145d11715022e518f924140a23d37da86eef4e3b35dcdac061b59159729e69",2,2018-07-19 21:27:09
022,"022",2020-08-14 21:27:09,0,"Gillian","873923358c5892912a8d6d932a3162f9fd941ec35348e900d5052990dfe6c8707adb0adb7410a9c5f925de1b6e38e5c126d0d02755367ea4ce4f6deac295a876",1,2020-08-14 21:27:09
023,"023",2019-02-27 21:27:09,1,"Hubert","425a8e0d0b557e6aa27881630b807aa193b826563008121127f8eeb14befe7f2b50525c085255ea9bd6d8807a39b5d8928146e63cfe04017f0e388c5525d20d5",1,2019-02-27 21:27:09
024,"024",2018-06-05 21:27:09,0,"Clive","a97bb308dcde785dc9a10d1dc38b921e8c12c27384e554ce8b154360e8bced2c6b6939e62aca1fa014f47bac6771143f141354c627ee373cbf36bf72c41ba6ab",3,2018-06-05 21:27:09
025,"025",2020-04-02 21:27:09,0,"Ronald","b045b08243746b8ee6e504092b06a0e6d731920eef597b89b930345f5eb30d97b788c2dcd2b076d789995868df0584504cf8e401d8ffc3d67c5c77b782c80ef4",1,2020-04-02 21:27:09
026,"026",2018-06-14 21:27:09,0,"Irwin","5e9e70e761a414954398db369bf09098dd1b4f9b524d03d35e330367e99abf1a6d98323bddea5907c527b535640602e76ac1e3c9544b289bc0531da2e8978e9b",1,2018-06-14 21:27:09
027,"027",2020-08-08 21:27:09,0,"Wallace","2b13698f64facdc811ab1566f3e410301d19461a2bc12d1ccdfb578c6373ea868810adc9a33ea6e33722d4f7749a7a80b6a9adcdf17e82f5de456c05289f5910",1,2020-08-08 21:27:09
028,"028",2018-11-17 21:27:09,0,"Jeffery","9d54af05411acada7ebfa5b19cb258ff61385384b4f986f9f5ec10fb9a76a1dcf37432cbb8cfd421c06005990079a2050419294bd74bfad1799ad83d368e86d5",0,2018-11-17 21:27:09
029,"029",2019-05-18 21:27:09,0,"Theodoric","c9a309b4f61b87cd6903df7ba176d2b9edbadb6e9eaa5cb744488b3854e0ba13fa53ec027cbd9c3391f89dee5337b0df08f97f4dbc2e5b646ea596edfbfc0244",0,2019-05-18 21:27:09
030,"030",2019-08-28 21:27:09,0,"Randolph","0608debed8a727f77b497bcd128aa18e7282be28f9a46640dc8933a72350ff88fc2fb351da96eabdfeb881908829af7012e1dc7a27ff8ac74ec92d8a5835a287",2,2019-08-28 21:27:09
031,"031",2018-04-05 21:27:09,0,"Nicholas","6b13c16897aa41fe7aec4f98c013df03ae8e00b68c22f97d387ad167dbfe7997ba848e8fc1e29f85956ca41c2f2479d9e1e6bbf21acd1f492769d6758b95f713",2,2018-04-05 21:27:09
032,"032",2018-05-04 21:27:09,0,"Calvin","227f47f479a93c1b0522c256e515129fdbf044d867eda4aa08de0f5b23e934d3ba317a7bd66f00b4ecd3dfdaf8f8728128c50ddedfb423c45c9a72642d290205",2,2018-05-04 21:27:09
033,"033",2018-11-30 21:27:09,0,"Damian","3786ccd8f3ce15cb13189cf1731c438951fcd43aa49c0f369141a47b47649bb244b5c304322828dd49b2b9739f91f9a04c8dcd6d7de57ade61981449c097a07a",3,2018-11-30 21:27:09
034,"034",2019-10-30 21:27:09,0,"Ned","20b6cfc7091e9a62e662567ee73b3ad69ffe0c13fc289beb8c40c48a183f2aa6bbf5b28563504b6e28c68e7efd3a85d22b31915cd495408021d7aab24a95d44f",3,2019-10-30 21:27:09
035,"035",2019-06-28 21:27:09,0,"Wesley","050d79e557238b971ff645c87bc4a2e031e029847235c5845301b7ff35204cb25ac95d31fee84f4e15965317bbc648bad26c6fe424a04fb35e1e976f713b2d86",3,2019-06-28 21:27:09
036,"036",2019-09-09 21:27:09,0,"Cary","87bebe3be7b3861cb4b1efec7f859cc9a6f033237cc581e0cc27e801a3af57efcabbe1fb4629e45e178c2ffb68bfc52fcb244eb7a5a7f72df28b306a5d76bd82",2,2019-09-09 21:27:09
037,"037",2018-04-04 21:27:09,0,"Ham","4c641b8390fb7096b4f0d35c73b9c800b6d01c64e5e102137ac85768628f6d902d1fdbdc3ed4cb92bf678822e8a083b51190147ee825ce6b7d4ee3004482e212",0,2018-04-04 21:27:09
038,"038",2019-04-28 21:27:09,0,"Watkin","7b3c955c9c29e1fe91cc7f628406f0e8248ce9f83bb974120f7a28e0a8c06a885c0f5e2ac0832dc3daaa0c3242a175391171da226acd87c84dda468ad28b4075",3,2019-04-28 21:27:09
039,"039",2020-04-25 21:27:09,0,"Carmine","de16649e75742b58eb42342136b493ae087e03453c4e5801faaf24116456ae6094e7257cacc950f8aad2b147295bcc50c535f97dd183fd724e05da1bb940bd3f",1,2020-04-25 21:27:09
040,"040",2018-04-23 21:27:09,0,"Ignatius","7561d40b57993a07f50b32c0bbf86afe6c80230df6ac3066b047d43bf22f181ec21ccfc363b1cc45421c86c2a8ca7c590a90f4858ec0c9993933d548e53472e2",2,2018-04-23 21:27:09
041,"041",2018-03-21 21:27:09,0,"Alexander","30a09b85693ec4f33f002e2da5678a7a6c89024e9e21c2d6800e0f3d4e2fc33bf536a103a4780ba6ac92d6e3258144950cd64350e8529ee9560e189908e47c17",1,2018-03-21 21:27:09
042,"042",2018-07-25 21:27:09,0,"Morris","76dddddf8d48b3d956c511f05bc501054b10fdf211981992b92543e237940250c7d26f2cb94eeee71357faa40de7a713ac168821691c01a1f18195ed97424412",0,2018-07-25 21:27:09
043,"043",2019-02-25 21:27:09,0,"Brendan","e73f80b084101ee9af46f250ba46bcd0e66f7282d3460b2a27ad3a6ca5c9c1d1cad2b85eec88a1cc131586b2cc0c753679a64e7e7c5501c605db248a6d99cfec",2,2019-02-25 21:27:09
044,"044",2019-12-30 21:27:09,0,"David","86d88befdddf3983d4a1adbca1dcd3fac9575c96e1990f5b15a87a67fc10ebca985b017353b25754f0a0689fce66ad271316e19c042f23e283635571e80804fb",2,2019-12-30 21:27:09
045,"045",2019-07-19 21:27:09,0,"Joe","1cbd8817be97f7491f9a8ecf669dc9f37a479091f112574886013a877d117f1c336be9e49b958739dda41ef6be087da68504de66986613924fd0541b937b4ba7",0,2019-07-19 21:27:09
046,"046",2018-11-06 21:27:09,0,"Raymond","093cbbd08bf594b124882cd57d7610c60a207082208b3744fdaf725f79121992eb8d6a6c0ee74cf56f131c660c07858d072fd224144fe547d2ccc7a5c5c0abd1",2,2018-11-06 21:27:09
047,"047",2018-10-12 21:27:09,0,"Chuck","83233c65dbf991e95b59ca2b7852f9922e96f25d44c3cbb5267bcb4c23ee8d478c11aab50c8ffc397190a6a9afe7ad311d5c3526d463c4adda7e64e5dd7ca257",2,2018-10-12 21:27:09
048,"048",2018-04-14 21:27:09,0,"Gregory","b8b09d5e10be75767fee3838ccc92d6df1273ba8a0500074debb520214b3f811707cec5808e1e66fc43117d8aa28e0a9bd60b6342a86b6773237bf45c18965cc",2,2018-04-14 21:27:09
049,"049",2018-11-12 21:27:09,0,"Clyde","b1571f7e91a1247197fafc0fc18fb926bce85034e9d1c6bfc84fdce9592d4aa056d8914316f7d1390532d2fd036ee0e09e0a0cf9cf29546a8559920c5e77a253",2,2018-11-12 21:27:09
050,"050",2018-10-06 21:27:09,0,"Ptolemy","c0d0ee876a32f5d95769c3129c83ced04b0d70fe75e34759ae7e988516048633d08572371047dc51637e24b68cb7bcb4ce535b5b9ddeae40672ead9b582680e8",3,2018-10-06 21:27:09
051,"051",2018-05-13 21:27:09,0,"Louisa","eb04591b7e5267bff763a554b6dbcd58aaba99f1f87dd049c4d6050906cd3c6b20d05c274e17241916d021361a03a65b602ca45cf64d7e96e2d80fa604b0332a",1,2018-05-13 21:27:09
052,"052",2020-03-29 21:27:09,0,"Sara","f2e8e007efd63e4a498962bb114f905850a22333160ad5e1313935a977068831793044b2e67981d4e877d7718ae4e18e25ee54d3441bc8726f919c8a68697d57",2,2020-03-29 21:27:09
053,"053",2019-12-26 21:27:09,0,"Serenity","514b6f61cc42040310ebdd82a33fd248b28a9bf7719da125471863014534af6a5b7b60e318983fcb969320c2bf28c4f7db9e933232f85a8cfab2525f84fcc269",0,2019-12-26 21:27:09
054,"054",2018-06-22 21:27:09,0,"Piper","16079287c3bcf9aa19ebeddfdce327c5b6d1ecbfba9ae1a304b52dde6fe25df90d3b02085d9652001b4ddeb5efab72f53809cc044e823624b4e73c9d09367c1a",2,2018-06-22 21:27:09
055,"055",2020-11-29 21:27:09,0,"Madeline","4f230c154122f807907cf2a7d8a852c3147bfbdbed418cd5af090c23b3727bfe633e10653e3516a6a756a16d242eec7efcb3e7fbab319dabaaffdf39cff87a5c",3,2020-11-29 21:27:09
056,"056",2019-03-17 21:27:09,0,"Valerie","1487097cb6890e23b7e4faf9549c5dabf40db0690a9179d5e72669acc52ca7a7425a63d591eb7dcdff3ebadf72549d7fc48786ad624debc1b466ec0f3630c7d2",1,2019-03-17 21:27:09
057,"057",2018-08-03 21:27:09,0,"Carla","95d0c3f069d27205b70702092991c620d72ebb4c0e5f843cadef247a6dc7df06e5c5af66fd0c04b331511b8fc7f153d43ebb8c407a56c84c4734a31a4b69765c",3,2018-08-03 21:27:09
058,"058",2020-05-07 21:27:09,0,"Kendall","9d461fd2879163e70c9ae5593bc97df377ab8f126e559edaf4b14df3e967ccd51788c697a0b287bdbad6af1a87520e119a58fd37dd4313ff07424bf10bad3f61",3,2020-05-07 21:27:09
059,"059",2020-09-06 21:27:09,0,"Hallie","ca3e55adfd5aa6b940aa9608898ee985a255a086d1d47f2e0cacce4c6f56f22db7319f96870627f326b40cac7a7d2f331d95077d2df53588c6dd54b3df4c5d3b",2,2020-09-06 21:27:09
060,"060",2020-10-15 21:27:09,0,"Morgan","e4acab18b6fbe807e8dd35591a377cac53decb0f579806fca139b64c2eefecac442e5b812979d4ef9e234fee337a58ab1475e3dd2f78b20162fa0e0493706fbd",1,2020-10-15 21:27:09
061,"061",2018-01-31 21:27:09,0,"Sibyl","74a94778539b7296f65d8163cfaeaf7c67b4ccfbe773f13178f840bc119bacc7d3b69b389d9eae110af429ca22bd965dc9ebdc0295c33c0a0990d2b5b4e5412e",1,2018-01-31 21:27:09
062,"062",2019-10-29 21:27:09,0,"Heather","2c08270acc9279ba1acbd42d6736e6b22e90a0a07263b35fab791276efd72a4fa49707b67200c3d00cd8c61f3f2fb3191bce67448a3c302369430bae401ae776",3,2019-10-29 21:27:09
063,"063",2019-05-15 21:27:09,0,"Beatrix","d167e9edd85b6785e65aa851ab4d50f2c85aa0385e588cc2b4552d3a20f924f5537cfd7b718e0b0c3ce039aa7ec9fe6fb1290385a8ac300306341f18e5d08768",1,2019-05-15 21:27:09
064,"064",2020-03-27 21:27:09,0,"Luz","564723596a5de40f57e34d69ac1c6d153d1afe0e3b19d5058a18f115d783f9ac7074bea2a155a7bbc348ae6a4e167d3ba3af41e98745b10a7678544963d1f377",1,2020-03-27 21:27:09
065,"065",2020-11-14 21:27:09,0,"Aileen","58d9105f6806a7f60513e5112938483dd1db1831dcdecbc3d45fef5ff623e8ca2a169cfebb050931444e9648d475b4d44bb8277f5fc0fcfb528b5b33b28f15c0",1,2020-11-14 21:27:09
066,"066",2020-08-12 21:27:09,0,"Lorraine","aec2503eda39f663ab6802903b0b8ec2fee003b3c675431b5267e89e3cacd2a5aa55acc17a4bc8e39ad428c78dfa9d65a1a458300da1a73054f291636e424ec9",3,2020-08-12 21:27:09
067,"067",2018-04-08 21:27:09,0,"Selma","4d318166e25fcaa86dcbd909bbc05c7b3b952da999dd205c29376cd412833eca2dbaa6af11f83c7f1484ee0f76d5518872429912d42c984eccdd4888761228b2",1,2018-04-08 21:27:09
068,"068",2019-05-08 21:27:09,0,"Janice","ed604c24173b96cb393850b5613901765c0d10b2dbac28e351b805f5cc71e0da75d8c3b73d52c061396dc30098e93a64df8fcb5bfb695bfeae45639c252db52b",3,2019-05-08 21:27:09
069,"069",2020-09-29 21:27:09,0,"Cheryl","d4bf80a8e43817d4bbde76d113d5d8135a06770467ddeb4c2594387d3b416f563d20dae523b957b7cd4d371639d2adbabb30c356ca4ae3d4a04276d7f0b18e51",3,2020-09-29 21:27:09
070,"070",2020-04-02 21:27:09,0,"Beverly","0381a59c2456a71822c6529acc85ecb7239d658ec4c1a46d176d474966fb590a62b392ac9cb74ae72223703f76dc929a8ca3993e0997b9788f62446f21d390d6",0,2020-04-02 21:27:09
071,"071",2018-08-26 21:27:09,0,"Tillie","ba3f238167c489aa3e5d3260007971d85fee8aa3149d9e45c01404ed447b59f3cc719db673b3cf46e22737d4befa3d1feeefff6243a5138d5d4df4f359d9118c",1,2018-08-26 21:27:09
072,"072",2019-12-13 21:27:09,0,"Liv","59c3b9606497c2099d7fee173a172a5976bf8f36e37e45ffafc30599c9df86065214b64a32caa3448d9f19e88976b454ba8728712721aa34a7de8b846eeaba46",0,2019-12-13 21:27:09
073,"073",2018-11-16 21:27:09,0,"Kyla","9ee01123586ad1ab56e16ba7949baa9af9d93f7fb3580c4be7ec17ffb343ffe13c6fef67bc002df3fb163e8acd2abf06fc4f03ecc789abdb56228b307460b965",0,2018-11-16 21:27:09
074,"074",2020-11-07 21:27:09,0,"Tammy","0749d9fc6fb28965bc7e0dca40b92923ea66f121de3021179789b4253b76f4e8e1a1762200f68e4c5003e27c8fec8f69db5d95e1ce6cb66d273ce03b7917e4d3",3,2020-11-07 21:27:09
075,"075",2020-09-04 21:27:09,0,"Sylvia","7b03d8ec22c06e85c69e5e9077e16087939f5f70193f8c6e2e774a9c8bfc7cb3e62e1842480b325b491e0fc86346df8937b9942de7aaf4caeb21ec4fe3ee2d28",3,2020-09-04 21:27:09
076,"076",2018-06-04 21:27:09,1,"Mafalda","449daac2ff6ccf74c087927b22c1f3844d1e7f16dcbc5bc66f4c1f0c9a75a0810400ce45491e67cab0e344073e9cfc23e707e155fc7b6a6f5e8f5c40947c8298",0,2018-06-04 21:27:09
077,"077",2020-05-27 21:27:09,0,"Everleigh","54cc66c52ead0e0017d3894cfe5deb5e72abf73da9bee0baca8cdd2c01280a3232d9ae25265626353fd7e5c3df5113871f19e0907961037e22a0de0993a99ab9",1,2020-05-27 21:27:09
078,"078",2018-02-26 21:27:09,0,"Ana","9f238173803a9e1bc112e8243867ef61d4da3108b9f661d6e5158e93c84ad9059ad6492aef00204219608fd7369737ee84a9377ab6e7f2bf22eca0e6f7b65986",0,2018-02-26 21:27:09
079,"079",2019-11-22 21:27:09,0,"Nina","325d04226d3a2c8e3ad167df7b196335b4325d65707d5214ef4779235a6a545fb978fa8f1b7874da90c2b7381ad7e7ff60dc9dd117b75c55b4cf3cd4334a95d4",0,2019-11-22 21:27:09
080,"080",2020-03-24 21:27:09,0,"Nellie","47f464a397dd0dd2fe99636a1908b723f2a70b57154166a1165fb2261d7c6dbbd0c48923c3502122e7b6668a77ee64b11448b89c52d76b642c2c8f90203ca6d2",0,2020-03-24 21:27:09
081,"081",2019-09-23 21:27:09,1,"Blythe","40a6194210c8a1f839195596c60fee3bcd10cf1cd2196085abc1984b563ea34acfc34a762519750322066d802bd5a854d6e826e63ba729c5d853427e12e1ca40",1,2019-09-23 21:27:09
082,"082",2019-03-24 21:27:09,0,"Laira","29ad3844f487c0fc49be3c2cb9fc26ef334fce054176786538bade554abd33083eeec610bcfe0fb689fbe88112e3d693ae3ebee552465ff82efed94377899cad",1,2019-03-24 21:27:09
083,"083",2020-10-15 21:27:09,0,"Valerie","a3e32c7872dbde627ad9efe0909bc6b93541500132fda0a437278114579a93637b24881e87bacfcea8aa8a1ec6d990fe3f71e671a94adf013911d426367475eb",0,2020-10-15 21:27:09
084,"084",2020-03-05 21:27:09,0,"Gerry","139e4e821fd6bcf582ac6ecbd6f2dbae75d420f5f171a0c7e88e90c8ebeb09997a76ea33a063b3452589aa8f04a42bb3e14f90d444ace385d6b4f3a15986419b",3,2020-03-05 21:27:09
085,"085",2020-04-05 21:27:09,0,"Dolly","f05f8a3e14aa2befb11e33a4b51c80184d72e7457e766b2477e7855c6998d074c0e9fcb2cc484ac6bc64acde9c98ae391a57307b14cf2e9f5554d39622c08a99",0,2020-04-05 21:27:09
086,"086",2018-04-15 21:27:09,0,"Yvonne","41e7d5cf70275ec17e82bb933b6d80eaee7b0fa82191375c25e097e97722c7600a7bf663427029769e50e86df3441a684dd182203e4629eb1b17c24e534633f2",1,2018-04-15 21:27:09
087,"087",2020-05-14 21:27:09,0,"Elsa","0a9fa1db5c453f679be046e6a12ba302b547ff23b6b7d651b5abb23f729a5925068b5aeaf59f041577de931dfcff70ff679dde8c464803b66c0c405a02d4c405",0,2020-05-14 21:27:09
088,"088",2018-08-11 21:27:09,0,"Adriano","a0844535e2a06209ca239ed86c4c11b62dd7f3ed78c3b008c27d09721235e2ea0ae27e79a13243a61570466ec9dcf868509c8b93535b39f6366aae4e49a4a85a",1,2018-08-11 21:27:09
089,"089",2018-03-03 21:27:09,0,"Mina","6a4d1ccad09ef2811fc35d666e00220c5667b4a1d6cb8d09da306391575892d4019757b5e12f1c2841b374f08e8deb17b4ffc6636fae141373333c3eab3e20cb",0,2018-03-03 21:27:09
090,"090",2020-10-31 21:27:09,0,"Maria","0fcac0d99de0ca2c0b93ecea35626329185edc14a1e692637529f262d5e6c9c2f960ed1db97d52477dcef22c8bf524a1bd280d8dd3750f463e6c5f47c9688e39",0,2020-10-31 21:27:09
091,"091",2020-09-20 21:27:09,0,"Elsie","277711c09c89dbed8bfcaead31160d3f8dcc99738c69c28eeaa63ef87c27b3867241278af6d19a15a6b06b0d454f4919816adbd7ba7e95a46c65c902e2e6284d",1,2020-09-20 21:27:09
092,"092",2020-01-05 21:27:09,0,"Theodora","26d0f5386aff8c3f4fb89516088ce9066799af90e7c08f71acb8e0153e2584310502238d1d37f602784c506192523a14d39dec3092bdf83a677e762daf023bfa",0,2020-01-05 21:27:09
093,"093",2020-03-10 21:27:09,0,"Dana","fc4563ed8e1f83006b79a825af50d1b9db542c390d8776577c8a36a24873bce3c80d1bb1dfcebfa64a225bd0160fef40a767c0823782aadc3d6c2ea15839685c",0,2020-03-10 21:27:09
094,"094",2018-04-30 21:27:09,0,"Shauna","a8bed67fd8238c72d70c3466da3c91d05e6c75d32137aa03a8e97f5722b18573dfe6b503fa33e4912ae297ca264676f40fab185b1b52bd4dd01336bd30fbfffe",2,2018-04-30 21:27:09
095,"095",2019-01-15 21:27:09,0,"Darcey","a8165ac8e6526054f0a017984b018bf20dd66d0411eab61b12445b362b5738f8a6404f174ad932de47f68a3ceb8d4c71eea637b1c6873d96a7bffacd1011f8d8",3,2019-01-15 21:27:09
096,"096",2020-09-17 21:27:09,0,"Madeline","2dcd27c98068bc98d46d69e3f5efa52da2f3ce513162ddfd67cd95eec915f904339ea7eba15345bbb837bb5150bb5b9d2a95930b727b0a74592c637e11b4be83",3,2020-09-17 21:27:09
097,"097",2018-10-03 21:27:09,0,"Emily","cda594dd0419ecbd7e7055ad0354f012b387f158f61ca66fb36f87c3f3c33303478a4662e2a60b63e4d89521d960ac2f88725dea4736b99afab513ae4f78c6c0",1,2018-10-03 21:27:09
098,"098",2019-08-19 21:27:09,0,"Agatha","18ed036d2de9397f3d4a3607ddabd0703cb674afd122e6a1aac6412834fc149ecd9edc0c4da3d6297b8c9bfe86e5cdd8f139d61af70421e7d20bf5c931a485c8",2,2019-08-19 21:27:09
099,"099",2020-05-08 21:27:09,0,"Terry","e9766dd0bfa185d1dd1e86f2cb2db4f170c96697517fc7ad908417eab0e929625e2649fa347a62e3651a19db74b596abb0594e20c1cb15332d695a51f1664cfd",1,2020-05-08 21:27:09
100,"100",2020-06-17 21:27:09,0,"Esther","29f6f668003969041db1085ca6497f213f4968de0ab6f3417f12beac44e606c1742356edc1dae8b0c95108e543ec6546bf3eb47b8575abcd6f4fdceb9c10ff7d",1,2020-06-17 21:27:09